<?xml version="1.0" encoding="UTF-8"?>
<articles>
	<article>
		<title>Yuki Arai</title>
		<body>
		
		 Name:Yuki Arai
		 Email:sk80332@yahoo.co.jp
		 Phone number:801-709-3354
		 Birthday:Nov 12 1988
		</body>
	</article>
	
	<article>
		<title>Risa Takahashi</title>
		<body>
		
		 Name:Risa Takahashi
		 Email:yucchi888@yahoo.co.jp
		 Phone number:801-709-3365
		 Birthday:Oct 31 1985
		</body>
	</article>

	<article>
		<title>Yuko Arai</title>
		<body>
		
		 Name:Yuko Arai
		 Email:happy@yahoo.co.jp
		 Phone number:801-709-3365
		 Birthday:Oct 30 1953
		</body>
	</article>

	<article>
		<title>Johnny Depp</title>
		<body>
		
		 Name:Johnny Depp
		 Email:None
		 Phone Number:None
		 Birthday:June 9 1963
		</body>
	</article>
	
	<article>
		<title>Ben Stiller</title>
		<body>
		
		 Name:Benjamin Edward "Ben" Stiller
		 Email:Benjamin@gmail.com
		 Phone Number:801-111-1111
		 Birthday:November 30, 1965
		</body>
	</article>

	<article>
		<title>Owen Wilson</title>
		<body>

		 Name:Owen Cunningham Wilson
		 Email:Owilson@gmail.com
		 Phone Number:888-123-1234
		 Birthday:November 18 1968
		</body>
	</article>

	<article>
		<title>Brad Pitt</title>
		<body>

		 Name:Brad Pitt
		 Email:BPitt@gmail.com
		 Phone Number:888-123-1234
		 Birthday:December 18 1963
		</body>
	</article>

	<article>
		<title>Matt Damon</title>
		<body>

		 Name:Matt Damon
		 Email:MDamon@gmail.com
		 Phone Number:888-123-1234
		 Birthday:October 8 1970
		</body>
	</article>
</articles>